<application>
  <component name="FileTypeManager" version="19">
    <extensionMap>
      <mapping pattern="pre-commit" type="AUTO_DETECTED" />
      <mapping pattern="text" type="AUTO_DETECTED" />
      <mapping pattern=".gitkeep" type="PLAIN_TEXT" />
      <mapping pattern=".lintstagedrc" type="PLAIN_TEXT" />
      <removed_mapping ext="dockerignore" approved="true" type="DockerIgnore file" />
      <removed_mapping ext="ignore" approved="true" type="IgnoreLang file" />
      <removed_mapping ext="ng" approved="true" type="HTML" />
      <removed_mapping ext="pdf" approved="true" type="Native" />
    </extensionMap>
  </component>
</application>