<application>
  <component name="ProjectManager">
    <defaultProject>
      <component name="PropertiesComponent"><![CDATA[{
  "keyToString": {
    "settings.editor.selected.configurable": "preferences.lookFeel"
  }
}]]></component>
      <component name="WindowStateProjectService">
        <state x="68" y="35" key="SettingsEditor" timestamp="1694741508842">
          <screen x="0" y="35" width="1352" height="766" />
        </state>
        <state x="68" y="35" key="SettingsEditor/0.35.1352.766" timestamp="1694741508842" />
      </component>
    </defaultProject>
  </component>
</application>