<application>
  <component name="Trusted.Paths">
    <option name="TRUSTED_PROJECT_PATHS">
      <map>
        <entry key="$USER_HOME$/Desktop/RocketChat" value="true" />
        <entry key="$USER_HOME$/Desktop/tests-ts-project" value="true" />
        <entry key="$USER_HOME$/Documents/Steven/jetbrains" value="true" />
        <entry key="$USER_HOME$/Documents/learning-zig" value="true" />
        <entry key="$USER_HOME$/Documents/projects/RoadGPA/DesignPatterns/mediator-pattern" value="true" />
        <entry key="$USER_HOME$/Documents/projects/algo-playground" value="true" />
        <entry key="$USER_HOME$/Documents/projects/algorithms" value="true" />
        <entry key="$USER_HOME$/Documents/projects/best-practices-ts" value="true" />
        <entry key="$USER_HOME$/Documents/projects/learning-rust" value="true" />
        <entry key="$USER_HOME$/Documents/projects/mono-clean-arch-ts" value="true" />
        <entry key="$USER_HOME$/Documents/projects/road-market" value="true" />
        <entry key="$USER_HOME$/Documents/projects/spa-react-ts-auth0" value="true" />
        <entry key="$USER_HOME$/Documents/projects/tests-ts-project" value="true" />
        <entry key="$USER_HOME$/Documents/roadgpa/YouTube/abstraction-with-fp" value="true" />
        <entry key="$USER_HOME$/Documents/roadgpa/user-ca-service" value="true" />
        <entry key="$USER_HOME$/Documents/zig-server" value="true" />
        <entry key="$USER_HOME$/Library/CloudStorage/OneDrive-Personal/Steven Docs/Clases de Coreano/CheatSheet/Libro 2" value="true" />
        <entry key="$USER_HOME$/Library/CloudStorage/OneDrive-Personal/Steven Docs/Clases de Coreano/CheatSheet/Time and Numbers" value="true" />
        <entry key="$USER_HOME$/Library/CloudStorage/OneDrive-Personal/Steven Docs/Progra/Algo" value="true" />
        <entry key="$USER_HOME$/Library/CloudStorage/OneDrive-Personal/funcAsValues" value="true" />
        <entry key="$USER_HOME$/Library/Mobile Documents/com~apple~CloudDocs/Steven/Programming/Rust/Tutorials/Fundamentos/rust-fundamentos" value="true" />
      </map>
    </option>
  </component>
  <component name="Trusted.Paths.Settings">
    <option name="TRUSTED_PATHS">
      <list>
        <option value="$USER_HOME$/Documents/projects" />
        <option value="$USER_HOME$/Documents/roadgpa/YouTube" />
        <option value="$USER_HOME$/Library/CloudStorage/OneDrive-Personal/Steven Docs/Progra" />
        <option value="$USER_HOME$/Library/CloudStorage/OneDrive-Personal/Steven Docs/Clases de Coreano/CheatSheet" />
        <option value="$USER_HOME$/Documents/Steven" />
      </list>
    </option>
  </component>
</application>