<application>
  <component name="DimensionService">
    <location key="find.popup.0.0.2704.1756@192dpi" x="874" y="146" />
    <location key="find.popup.-1920.-33.1920.1080" x="-1245" y="127" />
    <location key="find.popup.-1920.0.1920.1080@120dpi" x="-1249" y="105" />
    <location key="find.popup.0.0.2704.1756@240dpi" x="774" y="70" />
    <location key="find.popup.0.0.1920.1080@120dpi" x="191" y="25" />
    <location key="find.popup.-5120.0.5120.2880@192dpi" x="-3466" y="190" />
    <size key="GridCell.Tab.0.left.0.0.2704.1756@192dpi" width="2572" height="642" />
    <size key="GridCell.Tab.0.center.0.0.2704.1756@192dpi" width="2572" height="642" />
    <size key="GridCell.Tab.0.right.0.0.2704.1756@192dpi" width="2572" height="642" />
    <size key="GridCell.Tab.0.bottom.0.0.2704.1756@192dpi" width="2572" height="642" />
    <size key="GridCell.Tab.1.left.0.0.2704.1756@192dpi" width="2572" height="594" />
    <size key="GridCell.Tab.1.center.0.0.2704.1756@192dpi" width="2572" height="594" />
    <size key="GridCell.Tab.1.right.0.0.2704.1756@192dpi" width="2572" height="594" />
    <size key="GridCell.Tab.1.bottom.0.0.2704.1756@192dpi" width="2572" height="594" />
    <size key="GridCell.Tab.2.left.0.0.2704.1756@192dpi" width="2572" height="594" />
    <size key="GridCell.Tab.2.center.0.0.2704.1756@192dpi" width="2572" height="594" />
    <size key="GridCell.Tab.2.right.0.0.2704.1756@192dpi" width="2572" height="594" />
    <size key="GridCell.Tab.2.bottom.0.0.2704.1756@192dpi" width="2572" height="594" />
    <size key="GridCell.Tab.3.left.0.0.2704.1756@192dpi" width="2572" height="594" />
    <size key="GridCell.Tab.3.center.0.0.2704.1756@192dpi" width="2572" height="594" />
    <size key="GridCell.Tab.3.right.0.0.2704.1756@192dpi" width="2572" height="594" />
    <size key="GridCell.Tab.3.bottom.0.0.2704.1756@192dpi" width="2572" height="594" />
    <size key="GridCell.Tab.0.left.-1920.-33.1920.1080" width="1878" height="320" />
    <size key="GridCell.Tab.0.center.-1920.-33.1920.1080" width="1878" height="320" />
    <size key="GridCell.Tab.0.right.-1920.-33.1920.1080" width="1878" height="320" />
    <size key="GridCell.Tab.0.bottom.-1920.-33.1920.1080" width="1878" height="320" />
    <size key="GridCell.Tab.1.left.-1920.-33.1920.1080" width="1878" height="394" />
    <size key="GridCell.Tab.1.center.-1920.-33.1920.1080" width="1878" height="394" />
    <size key="GridCell.Tab.1.right.-1920.-33.1920.1080" width="1878" height="394" />
    <size key="GridCell.Tab.1.bottom.-1920.-33.1920.1080" width="1878" height="394" />
    <size key="GridCell.Tab.2.left.-1920.-33.1920.1080" width="1878" height="394" />
    <size key="GridCell.Tab.2.center.-1920.-33.1920.1080" width="1878" height="394" />
    <size key="GridCell.Tab.2.right.-1920.-33.1920.1080" width="1878" height="394" />
    <size key="GridCell.Tab.2.bottom.-1920.-33.1920.1080" width="1878" height="394" />
    <size key="GridCell.Tab.3.left.-1920.-33.1920.1080" width="1878" height="394" />
    <size key="GridCell.Tab.3.center.-1920.-33.1920.1080" width="1878" height="394" />
    <size key="GridCell.Tab.3.right.-1920.-33.1920.1080" width="1878" height="394" />
    <size key="GridCell.Tab.3.bottom.-1920.-33.1920.1080" width="1878" height="394" />
    <size key="find.popup.0.0.2704.1756@192dpi" width="1830" height="1044" />
    <size key="find.popup.-1920.-33.1920.1080" width="683" height="855" />
    <size key="GridCell.Tab.0.left.0.0.2704.1756@240dpi" width="2540" height="536" />
    <size key="GridCell.Tab.0.center.0.0.2704.1756@240dpi" width="2540" height="536" />
    <size key="GridCell.Tab.0.right.0.0.2704.1756@240dpi" width="2540" height="536" />
    <size key="GridCell.Tab.0.bottom.0.0.2704.1756@240dpi" width="2540" height="536" />
    <size key="GridCell.Tab.0.left.-1920.0.1920.1080@120dpi" width="858" height="295" />
    <size key="GridCell.Tab.0.center.-1920.0.1920.1080@120dpi" width="858" height="295" />
    <size key="GridCell.Tab.0.right.-1920.0.1920.1080@120dpi" width="858" height="295" />
    <size key="GridCell.Tab.0.bottom.-1920.0.1920.1080@120dpi" width="858" height="295" />
    <size key="GridCell.Tab.2.left.-1920.0.1920.1080@120dpi" width="1818" height="393" />
    <size key="GridCell.Tab.2.center.-1920.0.1920.1080@120dpi" width="1818" height="393" />
    <size key="GridCell.Tab.2.right.-1920.0.1920.1080@120dpi" width="1818" height="393" />
    <size key="GridCell.Tab.2.bottom.-1920.0.1920.1080@120dpi" width="1818" height="393" />
    <size key="GridCell.Tab.1.left.-1920.0.1920.1080@120dpi" width="1818" height="393" />
    <size key="GridCell.Tab.1.center.-1920.0.1920.1080@120dpi" width="1818" height="393" />
    <size key="GridCell.Tab.1.right.-1920.0.1920.1080@120dpi" width="1818" height="393" />
    <size key="GridCell.Tab.1.bottom.-1920.0.1920.1080@120dpi" width="1818" height="393" />
    <size key="GridCell.Tab.3.left.-1920.0.1920.1080@120dpi" width="1818" height="393" />
    <size key="GridCell.Tab.3.center.-1920.0.1920.1080@120dpi" width="1818" height="393" />
    <size key="GridCell.Tab.3.right.-1920.0.1920.1080@120dpi" width="1818" height="393" />
    <size key="GridCell.Tab.3.bottom.-1920.0.1920.1080@120dpi" width="1818" height="393" />
    <size key="find.popup.-1920.0.1920.1080@120dpi" width="769" height="975" />
    <size key="GridCell.Tab.0.left.0.0.1920.1080@120dpi" width="1838" height="342" />
    <size key="GridCell.Tab.0.center.0.0.1920.1080@120dpi" width="1838" height="342" />
    <size key="GridCell.Tab.0.right.0.0.1920.1080@120dpi" width="1838" height="342" />
    <size key="GridCell.Tab.0.bottom.0.0.1920.1080@120dpi" width="1838" height="342" />
    <size key="GridCell.Tab.1.left.0.0.1920.1080@120dpi" width="1818" height="369" />
    <size key="GridCell.Tab.1.center.0.0.1920.1080@120dpi" width="1818" height="369" />
    <size key="GridCell.Tab.1.right.0.0.1920.1080@120dpi" width="1818" height="369" />
    <size key="GridCell.Tab.1.bottom.0.0.1920.1080@120dpi" width="1818" height="369" />
    <size key="GridCell.Tab.2.left.0.0.1920.1080@120dpi" width="1818" height="369" />
    <size key="GridCell.Tab.2.center.0.0.1920.1080@120dpi" width="1818" height="369" />
    <size key="GridCell.Tab.2.right.0.0.1920.1080@120dpi" width="1818" height="369" />
    <size key="GridCell.Tab.2.bottom.0.0.1920.1080@120dpi" width="1818" height="369" />
    <size key="GridCell.Tab.3.left.0.0.1920.1080@120dpi" width="1818" height="369" />
    <size key="GridCell.Tab.3.center.0.0.1920.1080@120dpi" width="1818" height="369" />
    <size key="GridCell.Tab.3.right.0.0.1920.1080@120dpi" width="1818" height="369" />
    <size key="GridCell.Tab.3.bottom.0.0.1920.1080@120dpi" width="1818" height="369" />
    <size key="GridCell.Tab.1.left.0.0.2704.1756@240dpi" width="2540" height="536" />
    <size key="GridCell.Tab.1.center.0.0.2704.1756@240dpi" width="2540" height="536" />
    <size key="GridCell.Tab.1.right.0.0.2704.1756@240dpi" width="2540" height="536" />
    <size key="GridCell.Tab.1.bottom.0.0.2704.1756@240dpi" width="2540" height="536" />
    <size key="GridCell.Tab.2.left.0.0.2704.1756@240dpi" width="2540" height="536" />
    <size key="GridCell.Tab.2.center.0.0.2704.1756@240dpi" width="2540" height="536" />
    <size key="GridCell.Tab.2.right.0.0.2704.1756@240dpi" width="2540" height="536" />
    <size key="GridCell.Tab.2.bottom.0.0.2704.1756@240dpi" width="2540" height="536" />
    <size key="GridCell.Tab.3.left.0.0.2704.1756@240dpi" width="2540" height="536" />
    <size key="GridCell.Tab.3.center.0.0.2704.1756@240dpi" width="2540" height="536" />
    <size key="GridCell.Tab.3.right.0.0.2704.1756@240dpi" width="2540" height="536" />
    <size key="GridCell.Tab.3.bottom.0.0.2704.1756@240dpi" width="2540" height="536" />
    <size key="find.popup.0.0.2704.1756@240dpi" width="1562" height="1324" />
    <size key="find.popup.0.0.1920.1080@120dpi" width="788" height="977" />
    <size key="find.popup.-5120.0.5120.2880@192dpi" width="3466" height="1932" />
    <size key="GridCell.Tab.0.left.-5120.0.5120.2880@192dpi" width="4988" height="914" />
    <size key="GridCell.Tab.0.center.-5120.0.5120.2880@192dpi" width="4988" height="914" />
    <size key="GridCell.Tab.0.right.-5120.0.5120.2880@192dpi" width="4988" height="914" />
    <size key="GridCell.Tab.0.bottom.-5120.0.5120.2880@192dpi" width="4988" height="914" />
    <size key="GridCell.Tab.1.left.-5120.0.5120.2880@192dpi" width="4988" height="914" />
    <size key="GridCell.Tab.1.center.-5120.0.5120.2880@192dpi" width="4988" height="914" />
    <size key="GridCell.Tab.1.right.-5120.0.5120.2880@192dpi" width="4988" height="914" />
    <size key="GridCell.Tab.1.bottom.-5120.0.5120.2880@192dpi" width="4988" height="914" />
    <size key="GridCell.Tab.2.left.-5120.0.5120.2880@192dpi" width="4988" height="914" />
    <size key="GridCell.Tab.2.center.-5120.0.5120.2880@192dpi" width="4988" height="914" />
    <size key="GridCell.Tab.2.right.-5120.0.5120.2880@192dpi" width="4988" height="914" />
    <size key="GridCell.Tab.2.bottom.-5120.0.5120.2880@192dpi" width="4988" height="914" />
    <size key="GridCell.Tab.3.left.-5120.0.5120.2880@192dpi" width="4988" height="914" />
    <size key="GridCell.Tab.3.center.-5120.0.5120.2880@192dpi" width="4988" height="914" />
    <size key="GridCell.Tab.3.right.-5120.0.5120.2880@192dpi" width="4988" height="914" />
    <size key="GridCell.Tab.3.bottom.-5120.0.5120.2880@192dpi" width="4988" height="914" />
    <size key="GridCell.Tab.0.left.0.0.3840.2160@192dpi" width="2572" height="502" />
    <size key="GridCell.Tab.0.center.0.0.3840.2160@192dpi" width="2572" height="502" />
    <size key="GridCell.Tab.0.right.0.0.3840.2160@192dpi" width="2572" height="502" />
    <size key="GridCell.Tab.0.bottom.0.0.3840.2160@192dpi" width="2572" height="502" />
  </component>
  <component name="WindowManager">
    <frame x="0" y="25" width="1920" height="984" extendedState="6" />
  </component>
</application>