<keymap version="1" name="macOS copy" parent="Mac OS X 10.5+">
  <action id="AIAssistant.Editor.CompleteCodeWithAI">
    <keyboard-shortcut first-keystroke="alt a" second-keystroke="c" />
  </action>
  <action id="AIAssistant.Editor.GenerateCodeInplace">
    <keyboard-shortcut first-keystroke="alt a" second-keystroke="a" />
  </action>
  <action id="ActivateBigDataToolWindowToolWindow">
    <keyboard-shortcut first-keystroke="shift ctrl meta b" />
  </action>
  <action id="ActivateTerminalToolWindow">
    <keyboard-shortcut first-keystroke="shift ctrl t" />
    <keyboard-shortcut first-keystroke="alt g" second-keystroke="t" />
    <keyboard-shortcut first-keystroke="shift meta k" second-keystroke="semicolon" />
  </action>
  <action id="Back">
    <keyboard-shortcut first-keystroke="meta open_bracket" />
    <keyboard-shortcut first-keystroke="meta alt left" />
    <mouse-shortcut keystroke="button4" />
    <keyboard-shortcut first-keystroke="shift meta k" second-keystroke="d" />
  </action>
  <action id="ChangesView.Move" />
  <action id="ChangesView.ShelveSilently" />
  <action id="CloseContent">
    <keyboard-shortcut first-keystroke="meta w" />
    <keyboard-shortcut first-keystroke="shift meta k" second-keystroke="n" />
  </action>
  <action id="CollapseBlock" />
  <action id="Coverage">
    <keyboard-shortcut first-keystroke="alt t" second-keystroke="c" />
  </action>
  <action id="Debug">
    <keyboard-shortcut first-keystroke="ctrl d" />
    <keyboard-shortcut first-keystroke="alt t" second-keystroke="d" />
  </action>
  <action id="DebugClass">
    <keyboard-shortcut first-keystroke="shift ctrl d" />
    <keyboard-shortcut first-keystroke="alt t" second-keystroke="down" />
  </action>
  <action id="Debugger.RestoreBreakpoint">
    <keyboard-shortcut first-keystroke="alt d" second-keystroke="r" />
  </action>
  <action id="DeleteMnemonicFromBookmark">
    <keyboard-shortcut first-keystroke="alt b" second-keystroke="d" />
  </action>
  <action id="Diff.ApplyLeftSide" />
  <action id="Diff.ApplyRightSide" />
  <action id="EditBookmark">
    <keyboard-shortcut first-keystroke="alt b" second-keystroke="r" />
  </action>
  <action id="EditorDown">
    <keyboard-shortcut first-keystroke="down" />
    <keyboard-shortcut first-keystroke="ctrl n" />
    <keyboard-shortcut first-keystroke="shift meta h" second-keystroke="k" />
  </action>
  <action id="EditorLeft">
    <keyboard-shortcut first-keystroke="left" />
    <keyboard-shortcut first-keystroke="ctrl b" />
    <keyboard-shortcut first-keystroke="shift meta h" second-keystroke="j" />
  </action>
  <action id="EditorLineEnd">
    <keyboard-shortcut first-keystroke="meta right" />
    <keyboard-shortcut first-keystroke="ctrl e" />
    <keyboard-shortcut first-keystroke="end" />
    <keyboard-shortcut first-keystroke="shift meta h" second-keystroke="o" />
  </action>
  <action id="EditorLineStart">
    <keyboard-shortcut first-keystroke="meta left" />
    <keyboard-shortcut first-keystroke="ctrl a" />
    <keyboard-shortcut first-keystroke="home" />
    <keyboard-shortcut first-keystroke="shift meta h" second-keystroke="u" />
  </action>
  <action id="EditorNextWord">
    <keyboard-shortcut first-keystroke="alt right" />
    <keyboard-shortcut first-keystroke="ctrl alt f" />
    <keyboard-shortcut first-keystroke="shift meta h" second-keystroke="m" />
  </action>
  <action id="EditorPageDown">
    <keyboard-shortcut first-keystroke="page_down" />
    <keyboard-shortcut first-keystroke="shift meta j" second-keystroke="k" />
  </action>
  <action id="EditorPageUp">
    <keyboard-shortcut first-keystroke="page_up" />
    <keyboard-shortcut first-keystroke="shift meta j" second-keystroke="i" />
  </action>
  <action id="EditorPreviousWord">
    <keyboard-shortcut first-keystroke="alt left" />
    <keyboard-shortcut first-keystroke="ctrl alt b" />
    <keyboard-shortcut first-keystroke="shift meta h" second-keystroke="n" />
  </action>
  <action id="EditorRight">
    <keyboard-shortcut first-keystroke="right" />
    <keyboard-shortcut first-keystroke="ctrl f" />
    <keyboard-shortcut first-keystroke="shift meta h" second-keystroke="l" />
  </action>
  <action id="EditorUp">
    <keyboard-shortcut first-keystroke="up" />
    <keyboard-shortcut first-keystroke="ctrl p" />
    <keyboard-shortcut first-keystroke="shift meta h" second-keystroke="i" />
  </action>
  <action id="FileChooser.GoBackward">
    <keyboard-shortcut first-keystroke="meta open_bracket" />
    <keyboard-shortcut first-keystroke="meta alt left" />
    <mouse-shortcut keystroke="button4" />
  </action>
  <action id="FileStructurePopup">
    <keyboard-shortcut first-keystroke="meta f12" />
    <keyboard-shortcut first-keystroke="shift meta k" second-keystroke="p" />
  </action>
  <action id="Find">
    <keyboard-shortcut first-keystroke="meta f" />
    <keyboard-shortcut first-keystroke="shift meta j" second-keystroke="semicolon" />
  </action>
  <action id="FindUsages">
    <keyboard-shortcut first-keystroke="alt f7" />
    <keyboard-shortcut first-keystroke="shift alt f" second-keystroke="u" />
  </action>
  <action id="FindUsagesInFile">
    <keyboard-shortcut first-keystroke="meta f7" />
    <keyboard-shortcut first-keystroke="shift alt f" second-keystroke="f" />
  </action>
  <action id="FocusEditor">
    <keyboard-shortcut first-keystroke="ctrl meta back_slash" />
    <keyboard-shortcut first-keystroke="shift meta j" second-keystroke="j" />
  </action>
  <action id="Forward">
    <keyboard-shortcut first-keystroke="meta close_bracket" />
    <keyboard-shortcut first-keystroke="meta alt right" />
    <mouse-shortcut keystroke="button5" />
    <keyboard-shortcut first-keystroke="shift meta k" second-keystroke="quote" />
    <keyboard-shortcut first-keystroke="shift meta k" second-keystroke="f" />
  </action>
  <action id="GenerateCoverageReport">
    <keyboard-shortcut first-keystroke="alt t" second-keystroke="g" />
  </action>
  <action id="GotoDeclaration">
    <keyboard-shortcut first-keystroke="meta b" />
    <mouse-shortcut keystroke="meta button1" />
    <keyboard-shortcut first-keystroke="alt g" second-keystroke="u" />
  </action>
  <action id="GotoFile">
    <keyboard-shortcut first-keystroke="shift meta o" />
    <keyboard-shortcut first-keystroke="shift meta k" second-keystroke="q" />
  </action>
  <action id="GotoImplementation">
    <mouse-shortcut keystroke="meta alt button1" />
    <keyboard-shortcut first-keystroke="alt g" second-keystroke="i" />
  </action>
  <action id="GotoNextBookmark">
    <keyboard-shortcut first-keystroke="alt b" second-keystroke="right" />
  </action>
  <action id="GotoPreviousBookmark">
    <keyboard-shortcut first-keystroke="alt b" second-keystroke="left" />
  </action>
  <action id="GotoRow">
    <keyboard-shortcut first-keystroke="meta l" />
    <keyboard-shortcut first-keystroke="shift meta k" second-keystroke="comma" />
  </action>
  <action id="GotoSymbol">
    <keyboard-shortcut first-keystroke="meta alt o" />
    <keyboard-shortcut first-keystroke="shift meta k" second-keystroke="a" />
  </action>
  <action id="GotoTypeDeclaration">
    <mouse-shortcut keystroke="shift meta button1" />
    <keyboard-shortcut first-keystroke="alt g" second-keystroke="d" />
  </action>
  <action id="HighlightUsagesInFile">
    <keyboard-shortcut first-keystroke="shift meta f7" />
    <keyboard-shortcut first-keystroke="ctrl meta alt quote" />
    <keyboard-shortcut first-keystroke="shift alt f" second-keystroke="h" />
  </action>
  <action id="Javascript.Linters.EsLint.Fix">
    <keyboard-shortcut first-keystroke="alt f" second-keystroke="l" />
  </action>
  <action id="MethodHierarchy" />
  <action id="MethodHierarchy.BaseOnThisMethod" />
  <action id="MoveTabRight">
    <keyboard-shortcut first-keystroke="shift meta k" second-keystroke="i" />
  </action>
  <action id="NextSplitter">
    <keyboard-shortcut first-keystroke="shift meta k" second-keystroke="h" />
  </action>
  <action id="NextTab">
    <keyboard-shortcut first-keystroke="shift meta k" second-keystroke="l" />
  </action>
  <action id="Pause">
    <keyboard-shortcut first-keystroke="alt d" second-keystroke="p" />
  </action>
  <action id="PrevSplitter">
    <keyboard-shortcut first-keystroke="alt s" second-keystroke="left" />
    <keyboard-shortcut first-keystroke="shift alt j" />
  </action>
  <action id="PreviousTab">
    <keyboard-shortcut first-keystroke="shift meta k" second-keystroke="j" />
  </action>
  <action id="Profiler">
    <keyboard-shortcut first-keystroke="alt t" second-keystroke="p" />
  </action>
  <action id="QuickEvaluateExpression">
    <keyboard-shortcut first-keystroke="meta alt f8" />
    <mouse-shortcut keystroke="shift alt button1" />
    <keyboard-shortcut first-keystroke="alt d" second-keystroke="e" />
  </action>
  <action id="ReformatWithPrettierAction">
    <keyboard-shortcut first-keystroke="shift meta alt p" />
    <keyboard-shortcut first-keystroke="alt f" second-keystroke="p" />
  </action>
  <action id="RenameElement">
    <keyboard-shortcut first-keystroke="shift f6" />
    <keyboard-shortcut first-keystroke="alt w" second-keystroke="r" />
    <keyboard-shortcut first-keystroke="shift meta j" second-keystroke="n" />
  </action>
  <action id="Resume">
    <keyboard-shortcut first-keystroke="meta alt r" />
    <keyboard-shortcut first-keystroke="f9" />
    <keyboard-shortcut first-keystroke="alt d" second-keystroke="right" />
  </action>
  <action id="Run">
    <keyboard-shortcut first-keystroke="ctrl r" />
    <keyboard-shortcut first-keystroke="alt t" second-keystroke="r" />
  </action>
  <action id="RunClass">
    <keyboard-shortcut first-keystroke="shift ctrl r" />
    <keyboard-shortcut first-keystroke="alt t" second-keystroke="right" />
  </action>
  <action id="RunCoverage">
    <keyboard-shortcut first-keystroke="alt t" second-keystroke="up" />
  </action>
  <action id="RunDashboard.Debug">
    <keyboard-shortcut first-keystroke="shift ctrl d" />
    <keyboard-shortcut first-keystroke="alt t" second-keystroke="down" />
  </action>
  <action id="RunDashboard.Run">
    <keyboard-shortcut first-keystroke="shift ctrl r" />
    <keyboard-shortcut first-keystroke="alt t" second-keystroke="right" />
  </action>
  <action id="ShelvedChanges.Rename" />
  <action id="ShowBookmarks">
    <keyboard-shortcut first-keystroke="alt b" second-keystroke="a" />
    <keyboard-shortcut first-keystroke="shift meta j" second-keystroke="y" />
  </action>
  <action id="ShowNavBar">
    <keyboard-shortcut first-keystroke="meta up" />
    <keyboard-shortcut first-keystroke="alt home" />
    <keyboard-shortcut first-keystroke="shift meta k" second-keystroke="m" />
  </action>
  <action id="ShowReformatFileDialog">
    <keyboard-shortcut first-keystroke="shift meta alt l" />
    <keyboard-shortcut first-keystroke="alt f" second-keystroke="a" />
  </action>
  <action id="ShowTypeBookmarks">
    <keyboard-shortcut first-keystroke="alt g" second-keystroke="m" />
  </action>
  <action id="ShowUsages">
    <keyboard-shortcut first-keystroke="meta alt f7" />
    <keyboard-shortcut first-keystroke="shift alt f" second-keystroke="s" />
  </action>
  <action id="SonarLint.AnalyzeChangedFiles">
    <keyboard-shortcut first-keystroke="alt f" second-keystroke="s" />
  </action>
  <action id="SplitHorizontally">
    <keyboard-shortcut first-keystroke="shift meta k" second-keystroke="s" />
  </action>
  <action id="StepInto">
    <keyboard-shortcut first-keystroke="f7" />
    <keyboard-shortcut first-keystroke="alt d" second-keystroke="down" />
  </action>
  <action id="StepOut">
    <keyboard-shortcut first-keystroke="shift f8" />
    <keyboard-shortcut first-keystroke="alt d" second-keystroke="left" />
  </action>
  <action id="StepOver">
    <keyboard-shortcut first-keystroke="f8" />
    <keyboard-shortcut first-keystroke="alt d" second-keystroke="up" />
  </action>
  <action id="Stop">
    <keyboard-shortcut first-keystroke="meta f2" />
    <keyboard-shortcut first-keystroke="alt t" second-keystroke="s" />
  </action>
  <action id="SwitchCoverage">
    <keyboard-shortcut first-keystroke="meta alt f6" />
    <keyboard-shortcut first-keystroke="alt t" second-keystroke="v" />
  </action>
  <action id="Terminal.SwitchFocusToEditor">
    <keyboard-shortcut first-keystroke="escape" />
    <keyboard-shortcut first-keystroke="alt g" second-keystroke="e" />
  </action>
  <action id="TextSearchAction">
    <keyboard-shortcut first-keystroke="shift meta alt e" />
    <keyboard-shortcut first-keystroke="shift meta j" second-keystroke="p" />
  </action>
  <action id="ToggleBookmark">
    <keyboard-shortcut first-keystroke="alt b" second-keystroke="b" />
    <keyboard-shortcut first-keystroke="shift meta j" second-keystroke="h" />
  </action>
  <action id="ToggleBookmarkWithMnemonic">
    <keyboard-shortcut first-keystroke="alt b" second-keystroke="m" />
  </action>
  <action id="ToggleLineBreakpoint">
    <keyboard-shortcut first-keystroke="alt d" second-keystroke="b" />
  </action>
  <action id="ToggleTemporaryLineBreakpoint">
    <keyboard-shortcut first-keystroke="alt d" second-keystroke="t" />
  </action>
  <action id="ToggleZenMode">
    <keyboard-shortcut first-keystroke="shift alt z" />
    <keyboard-shortcut first-keystroke="shift meta j" second-keystroke="z" />
  </action>
  <action id="Unsplit">
    <keyboard-shortcut first-keystroke="shift meta k" second-keystroke="k" />
  </action>
  <action id="Vcs.MoveChangedLinesToChangelist" />
  <action id="Vcs.Push" />
  <action id="Vcs.RollbackChangedLines">
    <keyboard-shortcut first-keystroke="meta alt z" />
    <keyboard-shortcut first-keystroke="shift meta k" second-keystroke="z" />
  </action>
  <action id="ViewBreakpoints">
    <keyboard-shortcut first-keystroke="alt d" second-keystroke="a" />
  </action>
  <action id="com.mnw.tabmover.actions.MoveTabDownAction">
    <keyboard-shortcut first-keystroke="shift meta period" />
    <keyboard-shortcut first-keystroke="shift meta k" second-keystroke="o" />
  </action>
  <action id="com.mnw.tabmover.actions.MoveTabToNextSplitter">
    <keyboard-shortcut first-keystroke="shift alt period" />
    <keyboard-shortcut first-keystroke="shift meta k" second-keystroke="y" />
  </action>
  <action id="com.mnw.tabmover.actions.MoveTabToPreviousSplitter">
    <keyboard-shortcut first-keystroke="shift alt comma" />
  </action>
  <action id="com.mnw.tabmover.actions.MoveTabUpAction">
    <keyboard-shortcut first-keystroke="shift meta comma" />
    <keyboard-shortcut first-keystroke="shift meta k" second-keystroke="u" />
  </action>
  <action id="runShellFileAction">
    <keyboard-shortcut first-keystroke="shift ctrl r" />
    <keyboard-shortcut first-keystroke="alt t" second-keystroke="f" />
  </action>
</keymap>